[
  {
    "topic": "不可战胜的夏天",
    "quote": "在隆冬之中，我终于在自己内心发现了一个不可战胜的夏天。",
    "author": "— Albert Camus, “Return to Tipasa” (from “Summer”)",
    "note": "这句出自随笔《重返提帕萨》（收于《夏天》）。加缪在战后重返阿尔及利亚的光、海与石之间，意识到一种内在韧性，它不是对苦难的麻木而是清醒的反抗：不自欺也不绝望。所谓“不可战胜的夏天”，并非盲目乐观，而是承认世界的荒谬之后仍选择热爱、行动与承担的能力。",
    "avatarUrl": "https://baike.sogou.com/m/picBooklet?index=1&lemmaId=6683730&now=1838132&title=%E8%A5%BF%E8%A5%BF%E5%BC%97%E7%9A%84%E7%A5%9E%E8%AF%9D%28%E9%98%BF%E5%B0%94%E8%B4%9D%C2%B7%E5%8A%A0%E7%BC%AA%E8%91%97%E6%95%A3%E6%96%87%29&type=1",
    "bgUrl": ""
  },
  {
    "topic": "带着缺陷活下去 / 与痛苦共存",
    "quote": "重要的，正如加里亚尼神父对爱皮奈夫人所说的，并不是治愈，而是带着病痛活下去。",
    "author": "— Albert Camus, The Myth of Sisyphus",
    "note": "这句话表达了一个深刻而现实的思想：\n人生中许多“病痛”——无论是身体的、心理的，还是命运中的伤痕——往往无法完全治愈。成熟并不是变得毫无缺陷，而是学会与痛苦共存，在不完美中继续前行。\n它提醒我们：不必等“完全好了”才开始生活。\n真正的力量，是带着伤口依然活下去。痛苦无法抹除，但我们可以选择面对、适应，并在其中寻找意义。",
    "avatarUrl": "https://baike.sogou.com/m/picBooklet?index=1&lemmaId=6683730&now=1838132&title=%E8%A5%BF%E8%A5%BF%E5%BC%97%E7%9A%84%E7%A5%9E%E8%AF%9D%28%E9%98%BF%E5%B0%94%E8%B4%9D%C2%B7%E5%8A%A0%E7%BC%AA%E8%91%97%E6%95%A3%E6%96%87%29&type=1",
    "bgUrl": ""
  },
  {
    "topic": "反抗与存在 / 人的尊严",
    "quote": "我们反抗，故我们存在。",
    "author": "— Albert Camus, The Rebel (L’Homme révolté)",
    "note": "这句话体现了加缪对反抗精神的理解：\n人之所以为“人”，正是因为在面对不公、荒诞、压迫或无意义的世界时，他仍然选择说“不”，选择反抗。反抗不是破坏，而是坚持尊严、自由与价值的行为。意思可以概括为：当一个人敢于否定不合理的现状，他就开始确认自己的存在。反抗，就是对自我价值的宣告。反抗不是为了毁灭世界，而是为了让世界更符合人的本性与尊严。加缪认为：正是通过反抗，人类在荒诞世界中保持了自身的意义。",
    "avatarUrl": "https://baike.sogou.com/m/picBooklet?index=1&lemmaId=6683730&now=1838132&title=%E8%A5%BF%E8%A5%BF%E5%BC%97%E7%9A%84%E7%A5%9E%E8%AF%9D%28%E9%98%BF%E5%B0%94%E8%B4%9D%C2%B7%E5%8A%A0%E7%BC%AA%E8%91%97%E6%95%A3%E6%96%87%29&type=1",
    "bgUrl": ""
  },
  {
    "topic": "意志的本质在于让观念占据主导",
    "quote": "一旦动机性的观念作为事实确立并占据上风，意志的心理学研究也就到此为止。",
    "author": "— William James, The Principles of Psychology (1890)",
    "note": "詹姆斯把“意志”理解为一种纯心理层面的过程：意志的工作不是“直接制造动作”，而是让某个动机性观念在心里稳定地赢过其它观念、占据主导位置。到这一步，意志就“完成了”；至于身体动作是否真的发生（比如打喷嚏、让桌子移动、或写字），那是随后由神经/生理机制按其规律运行的结果，可能发生也可能不发生，但不改变“我已经意愿过”的心理事实。换句话说：意志是对观念的坚持，行动是外在系统的附加回响。",
    "avatarUrl": "https://wiki.mbalib.com/w/images/thumb/6/6b/%E5%A8%81%E5%BB%89%C2%B7%E8%A9%B9%E5%A7%86%E6%96%AF3.jpg/180px-%E5%A8%81%E5%BB%89%C2%B7%E8%A9%B9%E5%A7%86%E6%96%AF3.jpg",
    "bgUrl": ""
  },
  {
    "topic": "兴趣驱动行为",
    "quote": "我们注意到的事物与我们感兴趣的事物，本就是同义的。",
    "author": "— William James, The Principles of Psychology (1890)",
    "note": "詹姆斯承认快感/痛苦很重要，但强调它们不是唯一动机。真正让一个念头有“冲动力”或“抑制力”的共同条件，是它是否足够“有趣”到能强制占据注意力、主导意识。一旦某个想法牢牢占住注意，相关的行动倾向就会自然随之发生；反过来，阻止我们行动的也往往是另一个“更占注意力的反对理由”。所以动机的秘密不在于“想法连着哪条运动通路”，而在于它能否夺取并维持注意。",
    "avatarUrl": "https://wiki.mbalib.com/w/images/thumb/6/6b/%E5%A8%81%E5%BB%89%C2%B7%E8%A9%B9%E5%A7%86%E6%96%AF3.jpg/180px-%E5%A8%81%E5%BB%89%C2%B7%E8%A9%B9%E5%A7%86%E6%96%AF3.jpg",
    "bgUrl": ""
  }
]