{
  "topic": "不可战胜的夏天",
  "quote": "在隆冬之中，我终于在自己内心发现了一个不可战胜的夏天。",
  "author": "— Albert Camus, “Return to Tipasa” (from “Summer”)",
  "note": "这句出自随笔《重返提帕萨》（收于《夏天》）。加缪在战后重返阿尔及利亚的光、海与石之间，意识到一种内在韧性，它不是对苦难的麻木而是清醒的‘反抗’：不自欺也不绝望。所谓‘不可战胜的夏天’，并非盲目乐观，而是承认世界的荒谬之后仍选择热爱、行动与承担的能力。",
  "avatarUrl": "https://upload.wikimedia.org/wikipedia/commons/thumb/0/0b/Albert_Camus%2C_gagnant_de_prix_Nobel%2C_portrait_en_buste%2C_pos%C3%A9_au_bureau%2C_faisant_face_%C3%A0_gauche%2C_cigarette_de_tabagie.jpg/330px-Albert_Camus%2C_gagnant_de_prix_Nobel%2C_portrait_en_buste%2C_pos%C3%A9_au_bureau%2C_faisant_face_%C3%A0_gauche%2C_cigarette_de_tabagie.jpg",
  "bgDataUrl": "",
  "bgUrl": ""
}