[
  {
    "topic": "不可战胜的夏天",
    "quote": "在隆冬之中，我终于在自己内心发现了一个不可战胜的夏天。",
    "author": "— Albert Camus, “Return to Tipasa” (from “Summer”)",
    "note": "这句出自随笔《重返提帕萨》（收于《夏天》）。加缪在战后重返阿尔及利亚的光、海与石之间，意识到一种内在韧性，它不是对苦难的麻木而是清醒的反抗：不自欺也不绝望。所谓“不可战胜的夏天”，并非盲目乐观，而是承认世界的荒谬之后仍选择热爱、行动与承担的能力。",
    "avatarUrl": "https://baike.sogou.com/m/picBooklet?index=1&lemmaId=6683730&now=1838132&title=%E8%A5%BF%E8%A5%BF%E5%BC%97%E7%9A%84%E7%A5%9E%E8%AF%9D%28%E9%98%BF%E5%B0%94%E8%B4%9D%C2%B7%E5%8A%A0%E7%BC%AA%E8%91%97%E6%95%A3%E6%96%87%29&type=1",
    "bgUrl": ""
  },
  {
    "topic": "带着缺陷活下去 / 与痛苦共存",
    "quote": "重要的，正如加里亚尼神父对爱皮奈夫人所说的，并不是治愈，而是带着病痛活下去。",
    "author": "— Albert Camus, The Myth of Sisyphus",
    "note": "这句话表达了一个深刻而现实的思想：\n人生中许多“病痛”——无论是身体的、心理的，还是命运中的伤痕——往往无法完全治愈。成熟并不是变得毫无缺陷，而是学会与痛苦共存，在不完美中继续前行。\n它提醒我们：不必等“完全好了”才开始生活。\n真正的力量，是带着伤口依然活下去。痛苦无法抹除，但我们可以选择面对、适应，并在其中寻找意义。",
    "avatarUrl": "https://baike.sogou.com/m/picBooklet?index=1&lemmaId=6683730&now=1838132&title=%E8%A5%BF%E8%A5%BF%E5%BC%97%E7%9A%84%E7%A5%9E%E8%AF%9D%28%E9%98%BF%E5%B0%94%E8%B4%9D%C2%B7%E5%8A%A0%E7%BC%AA%E8%91%97%E6%95%A3%E6%96%87%29&type=1",
    "bgUrl": ""
  },
  {
    "topic": "反抗与存在 / 人的尊严",
    "quote": "我们反抗，故我们存在。",
    "author": "— Albert Camus, The Rebel (L’Homme révolté)",
    "note": "这句话体现了加缪对反抗精神的理解：\n人之所以为“人”，正是因为在面对不公、荒诞、压迫或无意义的世界时，他仍然选择说“不”，选择反抗。反抗不是破坏，而是坚持尊严、自由与价值的行为。意思可以概括为：当一个人敢于否定不合理的现状，他就开始确认自己的存在。反抗，就是对自我价值的宣告。反抗不是为了毁灭世界，而是为了让世界更符合人的本性与尊严。加缪认为：正是通过反抗，人类在荒诞世界中保持了自身的意义。",
    "avatarUrl": "https://baike.sogou.com/m/picBooklet?index=1&lemmaId=6683730&now=1838132&title=%E8%A5%BF%E8%A5%BF%E5%BC%97%E7%9A%84%E7%A5%9E%E8%AF%9D%28%E9%98%BF%E5%B0%94%E8%B4%9D%C2%B7%E5%8A%A0%E7%BC%AA%E8%91%97%E6%95%A3%E6%96%87%29&type=1",
    "bgUrl": ""
  },
  {
    "topic": "意志的本质在于让观念占据主导",
    "quote": "一旦动机性的观念作为事实确立并占据上风，意志的心理学研究也就到此为止。",
    "author": "— William James, The Principles of Psychology (1890)",
    "note": "詹姆斯把“意志”理解为一种纯心理层面的过程：意志的工作不是“直接制造动作”，而是让某个动机性观念在心里稳定地赢过其它观念、占据主导位置。到这一步，意志就“完成了”；至于身体动作是否真的发生（比如打喷嚏、让桌子移动、或写字），那是随后由神经/生理机制按其规律运行的结果，可能发生也可能不发生，但不改变“我已经意愿过”的心理事实。换句话说：意志是对观念的坚持，行动是外在系统的附加回响。",
    "avatarUrl": "https://wiki.mbalib.com/w/images/thumb/6/6b/%E5%A8%81%E5%BB%89%C2%B7%E8%A9%B9%E5%A7%86%E6%96%AF3.jpg/180px-%E5%A8%81%E5%BB%89%C2%B7%E8%A9%B9%E5%A7%86%E6%96%AF3.jpg",
    "bgUrl": ""
  },
  {
    "topic": "兴趣驱动行为",
    "quote": "我们注意到的事物与我们感兴趣的事物，本就是同义的。",
    "author": "— William James, The Principles of Psychology (1890)",
    "note": "詹姆斯承认快感/痛苦很重要，但强调它们不是唯一动机。真正让一个念头有“冲动力”或“抑制力”的共同条件，是它是否足够“有趣”到能强制占据注意力、主导意识。一旦某个想法牢牢占住注意，相关的行动倾向就会自然随之发生；反过来，阻止我们行动的也往往是另一个“更占注意力的反对理由”。所以动机的秘密不在于“想法连着哪条运动通路”，而在于它能否夺取并维持注意。",
    "avatarUrl": "https://wiki.mbalib.com/w/images/thumb/6/6b/%E5%A8%81%E5%BB%89%C2%B7%E8%A9%B9%E5%A7%86%E6%96%AF3.jpg/180px-%E5%A8%81%E5%BB%89%C2%B7%E8%A9%B9%E5%A7%86%E6%96%AF3.jpg",
    "bgUrl": ""
  },
  {
    "topic": "想象与心理排练 / 先在心里成为那样的人",
    "quote": "你的大脑分不清现实和想象的区别，因此你可以先在内心模拟自己想成为的样子。当你在脑海中一遍遍练习变得轻松、冷静和包容，你就更容易在现实中真的那样去做。",
    "author": "— Tal Ben-Shahar, Harvard Positive Psychology (Happiness) Course",
    "note": "这段话强调的是“心理排练”的力量：大脑在很多时候分不清真实经历和生动的想象。如果我们一味在脑中重复“我会紧张、我会失败”，就等于一遍遍排练失败；但如果在事前刻意想象自己像一个追求卓越的人那样——轻松、冷静、包容地站在台上——大脑就会逐渐把这种形象当成“默认模式”。换句话说，我们不一定要先做到，才能那样想；恰恰是先在内心想象、模拟那种状态，才会更容易在现实中做到。",
    "avatarUrl": "",
    "bgUrl": ""
  },
    {
    "topic": "直面恐惧 / 非“鸵鸟式忘却”的勇气",
    "quote": "「这样，世界找到了它的英雄式对手与伴侣；他能够付出努力，保持自己挺立，并且内心毫不动摇，而这种努力直接衡量了他在游戏中的价值和作用。他能够在其中找到乐趣，不是通过‘鸵鸟式的忘却’，而是通过内心纯粹的意志力，愿意面对那些令人畏惧的事物。」",
    "author": "— William James, The Principles of Psychology (1890)",
    "note": "这段话区分了“软弱的心灵”和“英雄的心灵”：软弱的人在面对恐惧与人生的黑暗时，要么转移注意力逃避，要么陷入顺从、哀怨和恐惧；英雄不是因为世界对他更温柔，而是在同样阴暗、可怕、不受欢迎的境遇里，仍能挺立、维持信念。他不靠“把头埋进沙子”的自我麻醉，而是靠内心纯粹的意志力，愿意直视那些令人畏惧的事物，从中仍然找到一种“愿意活在其中”的乐趣。詹姆斯的核心意思是：一个人能在多大程度上，在恐惧和黑暗中依然保持清醒、愿意面对并承担，这种努力的强度，就直接衡量了他作为“英雄”的价值。",
    "avatarUrl": "https://wiki.mbalib.com/w/images/thumb/6/6b/%E5%A8%81%E5%BB%89%C2%B7%E8%A9%B9%E5%A7%86%E6%96%AF3.jpg/180px-%E5%A8%81%E5%BB%89%C2%B7%E8%A9%B9%E5%A7%86%E6%96%AF3.jpg",
    "bgUrl": ""
  },
    {
    "topic": "意志 = 带努力的注意力 / 把观念牢牢钉在心里",
    "quote": "「这种注意力的紧张就是意志的基本行为。对观念的专注和同意是努力的唯一成就。」",
    "author": "— William James, The Principles of Psychology (1890)",
    "note": "在这段文字中，詹姆斯把“意志”的作用点完全放在心理层面：真正困难的不是肌肉如何动，而是让某个“本能上想躲开”的观念，在我们的心里待得足够久、不闪、不逃跑。他认为，意志的本质，就是让注意力在这样的观念上保持紧张和稳定：不允许它从心中滑走，直到这个观念充满整个心灵，并带来相应的联想。这个过程本身，就是我们对该观念说“是的，我同意”的心理行为。一旦观念稳稳占据心灵，接下来身体动作如何启动，其实是观念与神经机制之间的“自然回响”，而不再属于意志本身的工作。因此：意志不直接推动世界，它只负责把某个观念抓住不放；而“对观念的专注和同意”，就是努力的全部成就。",
    "avatarUrl": "https://wiki.mbalib.com/w/images/thumb/6/6b/%E5%A8%81%E5%BB%89%C2%B7%E8%A9%B9%E5%A7%86%E6%96%AF3.jpg/180px-%E5%A8%81%E5%BB%89%C2%B7%E8%A9%B9%E5%A7%86%E6%96%AF3.jpg",
    "bgUrl": ""
  }
]