[
  {
    "topic": "不可战胜的夏天",
    "quote": "在隆冬之中，我终于在自己内心发现了一个不可战胜的夏天。",
    "author": "— Albert Camus, “Return to Tipasa” (from “Summer”)",
    "note": "这句出自随笔《重返提帕萨》（收于《夏天》）。加缪在战后重返阿尔及利亚的光、海与石之间，意识到一种内在韧性，它不是对苦难的麻木而是清醒的反抗：不自欺也不绝望。所谓“不可战胜的夏天”，并非盲目乐观，而是承认世界的荒谬之后仍选择热爱、行动与承担的能力。",
    "avatarUrl": "https://upload.wikimedia.org/wikipedia/commons/c/c3/Albert_Camus_1945_%28cropped%29.jpg",
    "bgUrl": ""
  },
  {
    "topic": "带着缺陷活下去 / 与痛苦共存",
    "quote": "重要的，正如加里亚尼神父对爱皮奈夫人所说的，并不是治愈，而是带着病痛活下去。",
    "author": "— Albert Camus, The Myth of Sisyphus",
    "note": "这句话表达了一个深刻而现实的思想：\n人生中许多“病痛”——无论是身体的、心理的，还是命运中的伤痕——往往无法完全治愈。成熟并不是变得毫无缺陷，而是学会与痛苦共存，在不完美中继续前行。\n它提醒我们：不必等“完全好了”才开始生活。\n真正的力量，是带着伤口依然活下去。痛苦无法抹除，但我们可以选择面对、适应，并在其中寻找意义。",
    "avatarUrl": "https://upload.wikimedia.org/wikipedia/commons/c/c3/Albert_Camus_1945_%28cropped%29.jpg",
    "bgUrl": ""
  },
  {
    "topic": "反抗与存在 / 人的尊严",
    "quote": "我们反抗，故我们存在。",
    "author": "— Albert Camus, The Rebel (L’Homme révolté)",
    "note": "这句话体现了加缪对反抗精神的理解：\n人之所以为“人”，正是因为在面对不公、荒诞、压迫或无意义的世界时，他仍然选择说“不”，选择反抗。反抗不是破坏，而是坚持尊严、自由与价值的行为。意思可以概括为：当一个人敢于否定不合理的现状，他就开始确认自己的存在。反抗，就是对自我价值的宣告。反抗不是为了毁灭世界，而是为了让世界更符合人的本性与尊严。加缪认为：正是通过反抗，人类在荒诞世界中保持了自身的意义。",
    "avatarUrl": "https://upload.wikimedia.org/wikipedia/commons/c/c3/Albert_Camus_1945_%28cropped%29.jpg",
    "bgUrl": ""
  }
]